{"cameraMode":{"drawMode":0,"name":"Shaded","section":"Shading Mode"},"sceneLighting":true,"audioPlay":false,"sceneViewState":{"showFog":true,"showMaterialUpdate":false,"showSkybox":true,"showFlares":true,"showImageEffects":true,"showParticleSystems":true},"in2DMode":false,"pivot":{"x":0.3570733070373535,"y":2.713650703430176,"z":-8.705633163452149},"rotation":{"x":0.0017714636633172632,"y":0.9776157140731812,"z":-0.21022988855838777,"w":0.008240059949457646},"size":2.0885512828826906,"orthographic":false}