{"cameraMode":{"drawMode":0,"name":"Shaded","section":"Shading Mode"},"sceneLighting":true,"audioPlay":false,"sceneViewState":{"showFog":true,"showMaterialUpdate":false,"showSkybox":true,"showFlares":true,"showImageEffects":true,"showParticleSystems":true},"in2DMode":false,"pivot":{"x":3.0768394470214845,"y":1.8581675291061402,"z":-11.227757453918457},"rotation":{"x":-0.00028630037559196353,"y":0.9703959226608276,"z":0.0011480313260108233,"w":0.24151688814163209},"size":7.0753254890441898,"orthographic":false}