{"cameraMode":{"drawMode":0,"name":"Shaded","section":"Shading Mode"},"sceneLighting":false,"audioPlay":false,"sceneViewState":{"showFog":true,"showMaterialUpdate":false,"showSkybox":false,"showFlares":true,"showImageEffects":true,"showParticleSystems":true},"in2DMode":false,"pivot":{"x":14.289999961853028,"y":0.6029999852180481,"z":-62.97999954223633},"rotation":{"x":0.118183933198452,"y":0.07588176429271698,"z":-0.009058138355612755,"w":0.9900467395782471},"size":4.055386543273926,"orthographic":false}